コード,平均損益,純損益,勝率,総R倍数,分け数,勝ち数,平均損益率,負け数,PF,平均期間,平均R倍数,純損益率
1301,-4000.0,-4000.0,0,-1.0,0,0,-2.10526315789,1,-0.0,3.0,-1.0,-2.10526315789
1332,257.142857143,1800.0,0,2.5,0,3,1.13521279679,4,-2.05882352941,4.85714285714,0.357142857143,7.94648957751
