平均損益,純損益,勝率,総R倍数,分け数,勝ち数,平均損益率,負け数,PF,平均期間,平均R倍数,純損益率
-275.0,-2200.0,0,1.5,0,3,0.730153302452,5,-0.614035087719,4.625,0.1875,5.84122641961
